{"$schema":"http://schema.management.azure.com/schemas/2015-01-01/deploymentTemplate.json#","contentVersion":"1.0.0.0","parameters":{"factoryName":{"type":"string","metadata":"Data Factory name"},"ds_switch001":{"type":"string"},"ds_switch002":{"type":"string"}},"variables":{"factoryId":"[concat('Microsoft.DataFactory/factories/', parameters('factoryName'))]"},"resources":[{"name":"[concat(parameters('factoryName'), '/pl_switch')]","type":"Microsoft.DataFactory/factories/pipelines","apiVersion":"2018-06-01","properties":{"activities":[{"name":"act_switch1","type":"Switch","dependsOn":[],"userProperties":[],"typeProperties":{"on":{"value":"@pipeline().parameters.folder_name","type":"Expression"},"cases":[{"value":"employee","activities":[{"name":"act_Copy_switch1","type":"Copy","dependsOn":[],"policy":{"timeout":"0.12:00:00","retry":0,"retryIntervalInSeconds":30,"secureOutput":false,"secureInput":false},"userProperties":[],"typeProperties":{"source":{"type":"DelimitedTextSource","storeSettings":{"type":"AzureBlobFSReadSettings","recursive":true,"enablePartitionDiscovery":false},"formatSettings":{"type":"DelimitedTextReadSettings"}},"sink":{"type":"DelimitedTextSink","storeSettings":{"type":"AzureBlobFSWriteSettings"},"formatSettings":{"type":"DelimitedTextWriteSettings","quoteAllText":true,"fileExtension":".txt"}},"enableStaging":false,"translator":{"type":"TabularTranslator","typeConversion":true,"typeConversionSettings":{"allowDataTruncation":true,"treatBooleanAsNumber":false}}},"inputs":[{"referenceName":"ds_switch001","type":"DatasetReference","parameters":{}}],"outputs":[{"referenceName":"DelimitedText10","type":"DatasetReference","parameters":{"employee":{"value":"@pipeline().parameters.folder_name","type":"Expression"}}}]}]},{"value":"departments","activities":[{"name":"act_copy_switch_deprt","type":"Copy","dependsOn":[],"policy":{"timeout":"0.12:00:00","retry":0,"retryIntervalInSeconds":30,"secureOutput":false,"secureInput":false},"userProperties":[],"typeProperties":{"source":{"type":"DelimitedTextSource","storeSettings":{"type":"AzureBlobFSReadSettings","recursive":true,"enablePartitionDiscovery":false},"formatSettings":{"type":"DelimitedTextReadSettings"}},"sink":{"type":"DelimitedTextSink","storeSettings":{"type":"AzureBlobFSWriteSettings"},"formatSettings":{"type":"DelimitedTextWriteSettings","quoteAllText":true,"fileExtension":".txt"}},"enableStaging":false,"translator":{"type":"TabularTranslator","typeConversion":true,"typeConversionSettings":{"allowDataTruncation":true,"treatBooleanAsNumber":false}}},"inputs":[{"referenceName":"DelimitedText11","type":"DatasetReference","parameters":{}}],"outputs":[{"referenceName":"DelimitedText12","type":"DatasetReference","parameters":{"department":{"value":"@pipeline().parameters.folder_name","type":"Expression"}}}]}]}]}}],"policy":{"elapsedTimeMetric":{}},"parameters":{"folder_name":{"type":"string"}},"annotations":[],"lastPublishTime":"2024-07-23T05:14:23Z"},"dependsOn":["[concat(variables('factoryId'), '/datasets/ds_switch001')]","[concat(variables('factoryId'), '/datasets/DelimitedText10')]","[concat(variables('factoryId'), '/datasets/DelimitedText11')]","[concat(variables('factoryId'), '/datasets/DelimitedText12')]"]},{"name":"[concat(parameters('factoryName'), '/ds_switch001')]","type":"Microsoft.DataFactory/factories/datasets","apiVersion":"2018-06-01","properties":{"linkedServiceName":{"referenceName":"[parameters('ds_switch001')]","type":"LinkedServiceReference"},"annotations":[],"type":"DelimitedText","typeProperties":{"location":{"type":"AzureBlobFSLocation","fileName":"emp_1.csv","fileSystem":"input"},"columnDelimiter":",","escapeChar":"\\","firstRowAsHeader":true,"quoteChar":"\""},"schema":[{"name":"emp_id","type":"String"},{"name":"name","type":"String"},{"name":"salary","type":"String"},{"name":"address","type":"String"},{"name":"loc","type":"String"},{"name":"email","type":"String"}]},"dependsOn":[]},{"name":"[concat(parameters('factoryName'), '/DelimitedText10')]","type":"Microsoft.DataFactory/factories/datasets","apiVersion":"2018-06-01","properties":{"linkedServiceName":{"referenceName":"[parameters('ds_switch001')]","type":"LinkedServiceReference"},"parameters":{"employee":{"type":"string"}},"annotations":[],"type":"DelimitedText","typeProperties":{"location":{"type":"AzureBlobFSLocation","folderPath":{"value":"@dataset().employee","type":"Expression"},"fileSystem":"employee"},"columnDelimiter":",","escapeChar":"\\","firstRowAsHeader":true,"quoteChar":"\""},"schema":[]},"dependsOn":[]},{"name":"[concat(parameters('factoryName'), '/DelimitedText11')]","type":"Microsoft.DataFactory/factories/datasets","apiVersion":"2018-06-01","properties":{"linkedServiceName":{"referenceName":"[parameters('ds_switch002')]","type":"LinkedServiceReference"},"annotations":[],"type":"DelimitedText","typeProperties":{"location":{"type":"AzureBlobFSLocation","fileName":"departments.csv","fileSystem":"input"},"columnDelimiter":",","escapeChar":"\\","firstRowAsHeader":true,"quoteChar":"\""},"schema":[{"name":"DEPARTMENT_ID","type":"String"},{"name":"DEPARTMENT_NAME","type":"String"},{"name":"MANAGER_ID","type":"String"},{"name":"LOCATION_ID","type":"String"}]},"dependsOn":[]},{"name":"[concat(parameters('factoryName'), '/DelimitedText12')]","type":"Microsoft.DataFactory/factories/datasets","apiVersion":"2018-06-01","properties":{"linkedServiceName":{"referenceName":"[parameters('ds_switch002')]","type":"LinkedServiceReference"},"parameters":{"department":{"type":"string"}},"annotations":[],"type":"DelimitedText","typeProperties":{"location":{"type":"AzureBlobFSLocation","fileSystem":"department"},"columnDelimiter":",","escapeChar":"\\","firstRowAsHeader":true,"quoteChar":"\""},"schema":[]},"dependsOn":[]}]}