{"$schema":"http://schema.management.azure.com/schemas/2015-01-01/deploymentTemplate.json#","contentVersion":"1.0.0.0","parameters":{"factoryName":{"type":"string","metadata":"Data Factory name"},"ls_if_condition":{"type":"string"}},"variables":{"factoryId":"[concat('Microsoft.DataFactory/factories/', parameters('factoryName'))]"},"resources":[{"name":"[concat(parameters('factoryName'), '/pl_ifcondition')]","type":"Microsoft.DataFactory/factories/pipelines","apiVersion":"2018-06-01","properties":{"activities":[{"name":"act_GetMetadata1_if","type":"GetMetadata","dependsOn":[],"policy":{"timeout":"0.12:00:00","retry":0,"retryIntervalInSeconds":30,"secureOutput":false,"secureInput":false},"userProperties":[],"typeProperties":{"dataset":{"referenceName":"DelimitedText6","type":"DatasetReference","parameters":{}},"fieldList":["childItems"],"storeSettings":{"type":"AzureBlobFSReadSettings","recursive":true,"enablePartitionDiscovery":false},"formatSettings":{"type":"DelimitedTextReadSettings"}}},{"name":"ForEach1","type":"ForEach","dependsOn":[{"activity":"act_GetMetadata1_if","dependencyConditions":["Succeeded"]}],"userProperties":[],"typeProperties":{"items":{"value":"@activity('act_GetMetadata1_if').output.childItems","type":"Expression"},"isSequential":false,"activities":[{"name":"If Condition1","type":"IfCondition","dependsOn":[],"userProperties":[],"typeProperties":{"expression":{"value":"@contains(item().name,'emp')","type":"Expression"},"ifFalseActivities":[{"name":"Set variable2","type":"SetVariable","dependsOn":[],"policy":{"secureOutput":false,"secureInput":false},"userProperties":[],"typeProperties":{"variableName":"customer","value":"false"}}],"ifTrueActivities":[{"name":"Set variable1","type":"SetVariable","dependsOn":[],"policy":{"secureOutput":false,"secureInput":false},"userProperties":[],"typeProperties":{"variableName":"emp","value":"true"}}]}}]}}],"policy":{"elapsedTimeMetric":{}},"variables":{"emp":{"type":"String"},"customer":{"type":"String"}},"annotations":[],"lastPublishTime":"2024-07-23T05:14:23Z"},"dependsOn":["[concat(variables('factoryId'), '/datasets/DelimitedText6')]"]},{"name":"[concat(parameters('factoryName'), '/DelimitedText6')]","type":"Microsoft.DataFactory/factories/datasets","apiVersion":"2018-06-01","properties":{"linkedServiceName":{"referenceName":"[parameters('ls_if_condition')]","type":"LinkedServiceReference"},"annotations":[],"type":"DelimitedText","typeProperties":{"location":{"type":"AzureBlobFSLocation","fileSystem":"input"},"columnDelimiter":",","escapeChar":"\\","firstRowAsHeader":true,"quoteChar":"\""},"schema":[{"name":"customer id","type":"String"},{"name":"custname","type":"String"},{"name":"email","type":"String"},{"name":"city","type":"String"},{"name":"state","type":"String"},{"name":"DOB","type":"String"}]},"dependsOn":[]}]}