{"$schema":"http://schema.management.azure.com/schemas/2015-01-01/deploymentTemplate.json#","contentVersion":"1.0.0.0","parameters":{"factoryName":{"type":"string","metadata":"Data Factory name"},"ls_azure_sql_database001":{"type":"string"}},"variables":{"factoryId":"[concat('Microsoft.DataFactory/factories/', parameters('factoryName'))]"},"resources":[{"name":"[concat(parameters('factoryName'), '/pl_lookup')]","type":"Microsoft.DataFactory/factories/pipelines","apiVersion":"2018-06-01","properties":{"activities":[{"name":"Lookup1","type":"Lookup","dependsOn":[],"policy":{"timeout":"0.12:00:00","retry":0,"retryIntervalInSeconds":30,"secureOutput":false,"secureInput":false},"userProperties":[],"typeProperties":{"source":{"type":"AzureSqlSource","sqlReaderQuery":"select * from customer_sales\nwhere product_id = 2;","queryTimeout":"02:00:00","partitionOption":"None"},"dataset":{"referenceName":"AzureSqlTable1","type":"DatasetReference","parameters":{}},"firstRowOnly":false}}],"policy":{"elapsedTimeMetric":{}},"variables":{"emp":{"type":"String"},"customer":{"type":"String"}},"annotations":[],"lastPublishTime":"2024-07-23T05:14:23Z"},"dependsOn":["[concat(variables('factoryId'), '/datasets/AzureSqlTable1')]"]},{"name":"[concat(parameters('factoryName'), '/AzureSqlTable1')]","type":"Microsoft.DataFactory/factories/datasets","apiVersion":"2018-06-01","properties":{"linkedServiceName":{"referenceName":"[parameters('ls_azure_sql_database001')]","type":"LinkedServiceReference"},"annotations":[],"type":"AzureSqlTable","schema":[{"name":"product_id","type":"int","precision":10},{"name":"product_type","type":"nvarchar"},{"name":"sales_price","type":"int","precision":10},{"name":"salestime","type":"datetime","precision":23,"scale":3}],"typeProperties":{"schema":"dbo","table":"customer_sales"}},"dependsOn":[]}]}