{"$schema":"http://schema.management.azure.com/schemas/2015-01-01/deploymentTemplate.json#","contentVersion":"1.0.0.0","parameters":{"factoryName":{"type":"string","metadata":"Data Factory name"},"ls_conditional_split":{"type":"string"}},"variables":{"factoryId":"[concat('Microsoft.DataFactory/factories/', parameters('factoryName'))]"},"resources":[{"name":"[concat(parameters('factoryName'), '/ds_conditional_split')]","type":"Microsoft.DataFactory/factories/pipelines","apiVersion":"2018-06-01","properties":{"activities":[{"name":"act_conditional_split","type":"ExecuteDataFlow","dependsOn":[],"policy":{"timeout":"0.12:00:00","retry":0,"retryIntervalInSeconds":30,"secureOutput":false,"secureInput":false},"userProperties":[],"typeProperties":{"dataflow":{"referenceName":"act_conditional_split","type":"DataFlowReference","parameters":{},"datasetParameters":{"source1":{},"sink1":{"enter_container_name":"india"},"sink2":{"enter_container_name":"usa"},"sink3":{"enter_container_name":"uk"}}},"staging":{},"compute":{"coreCount":8,"computeType":"General"},"traceLevel":"Fine"}}],"policy":{"elapsedTimeMetric":{}},"annotations":[],"lastPublishTime":"2024-07-23T06:06:50Z"},"dependsOn":["[concat(variables('factoryId'), '/dataflows/act_conditional_split')]"]},{"name":"[concat(parameters('factoryName'), '/act_conditional_split')]","type":"Microsoft.DataFactory/factories/dataflows","apiVersion":"2018-06-01","properties":{"type":"MappingDataFlow","typeProperties":{"sources":[{"dataset":{"referenceName":"ds_conditional_split","type":"DatasetReference"},"name":"source1"}],"sinks":[{"dataset":{"referenceName":"ds_conditional_split001sink","type":"DatasetReference"},"name":"sink1"},{"dataset":{"referenceName":"ds_conditional_split001sink","type":"DatasetReference"},"name":"sink2"},{"dataset":{"referenceName":"ds_conditional_split001sink","type":"DatasetReference"},"name":"sink3"}],"transformations":[{"name":"split1"}],"scriptLines":["source(output(","          emp_id as string,","          name as string,","          salary as string,","          address as string","     ),","     allowSchemaDrift: true,","     validateSchema: false,","     ignoreNoFilesFound: false) ~> source1","source1 split(equals(address,'india'),","     equals(address,'usa'),","     equals(address,'uk'),","     disjoint: true) ~> split1@(india, usa, uk)","split1@india sink(allowSchemaDrift: true,","     validateSchema: false,","     umask: 0022,","     preCommands: [],","     postCommands: [],","     skipDuplicateMapInputs: true,","     skipDuplicateMapOutputs: true) ~> sink1","split1@usa sink(allowSchemaDrift: true,","     validateSchema: false,","     umask: 0022,","     preCommands: [],","     postCommands: [],","     skipDuplicateMapInputs: true,","     skipDuplicateMapOutputs: true) ~> sink2","split1@uk sink(allowSchemaDrift: true,","     validateSchema: false,","     umask: 0022,","     preCommands: [],","     postCommands: [],","     skipDuplicateMapInputs: true,","     skipDuplicateMapOutputs: true) ~> sink3"]}},"dependsOn":["[concat(variables('factoryId'), '/datasets/ds_conditional_split')]","[concat(variables('factoryId'), '/datasets/ds_conditional_split001sink')]"]},{"name":"[concat(parameters('factoryName'), '/ds_conditional_split')]","type":"Microsoft.DataFactory/factories/datasets","apiVersion":"2018-06-01","properties":{"linkedServiceName":{"referenceName":"[parameters('ls_conditional_split')]","type":"LinkedServiceReference"},"annotations":[],"type":"DelimitedText","typeProperties":{"location":{"type":"AzureBlobFSLocation","fileName":"emp_location (1).csv","fileSystem":"input"},"columnDelimiter":",","escapeChar":"\\","firstRowAsHeader":true,"quoteChar":"\""},"schema":[{"name":"emp_id","type":"String"},{"name":"name","type":"String"},{"name":"salary","type":"String"},{"name":"address","type":"String"}]},"dependsOn":[]},{"name":"[concat(parameters('factoryName'), '/ds_conditional_split001sink')]","type":"Microsoft.DataFactory/factories/datasets","apiVersion":"2018-06-01","properties":{"linkedServiceName":{"referenceName":"[parameters('ls_conditional_split')]","type":"LinkedServiceReference"},"parameters":{"enter_container_name":{"type":"String"}},"annotations":[],"type":"DelimitedText","typeProperties":{"location":{"type":"AzureBlobFSLocation","fileSystem":{"value":"@dataset().enter_container_name","type":"Expression"}},"columnDelimiter":",","escapeChar":"\\","firstRowAsHeader":true,"quoteChar":"\""},"schema":[]},"dependsOn":[]}]}