{"$schema":"http://schema.management.azure.com/schemas/2015-01-01/deploymentTemplate.json#","contentVersion":"1.0.0.0","parameters":{"factoryName":{"type":"string","metadata":"Data Factory name"},"ls_azure_sql_database001":{"type":"string"},"ls_sql_azure_002":{"type":"string"}},"variables":{"factoryId":"[concat('Microsoft.DataFactory/factories/', parameters('factoryName'))]"},"resources":[{"name":"[concat(parameters('factoryName'), '/pl_sql_azure002')]","type":"Microsoft.DataFactory/factories/pipelines","apiVersion":"2018-06-01","properties":{"activities":[{"name":"Copy data1","type":"Copy","dependsOn":[],"policy":{"timeout":"0.12:00:00","retry":0,"retryIntervalInSeconds":30,"secureOutput":false,"secureInput":false},"userProperties":[],"typeProperties":{"source":{"type":"AzureSqlSource","sqlReaderStoredProcedureName":"[[dbo].[cust_sale]","storedProcedureParameters":{"enddate":{"type":"String","value":{"value":"@pipeline().parameters.penddate","type":"Expression"}},"startdate":{"type":"String","value":{"value":"@pipeline().parameters.pstartdate","type":"Expression"}}},"queryTimeout":"02:00:00","partitionOption":"None"},"sink":{"type":"DelimitedTextSink","storeSettings":{"type":"AzureBlobStorageWriteSettings"},"formatSettings":{"type":"DelimitedTextWriteSettings","quoteAllText":true,"fileExtension":".txt"}},"enableStaging":false,"translator":{"type":"TabularTranslator","mappings":[{"source":{"name":"product_id","type":"Int32","physicalType":"int"},"sink":{"name":"product_id","type":"String","physicalType":"String"}},{"source":{"name":"product_type","type":"String","physicalType":"nvarchar"},"sink":{"name":"product_type","type":"String","physicalType":"String"}},{"source":{"name":"sales_price","type":"Int32","physicalType":"int"},"sink":{"name":"sales_price","type":"String","physicalType":"String"}},{"source":{"name":"salestime","type":"DateTime","physicalType":"datetime"},"sink":{"name":"salestime","type":"String","physicalType":"String"}}],"typeConversion":true,"typeConversionSettings":{"allowDataTruncation":true,"treatBooleanAsNumber":false}}},"inputs":[{"referenceName":"AzureSqlTable1","type":"DatasetReference","parameters":{}}],"outputs":[{"referenceName":"DelimitedText2","type":"DatasetReference","parameters":{}}]}],"policy":{"elapsedTimeMetric":{}},"parameters":{"pstartdate":{"type":"string"},"penddate":{"type":"string"}},"annotations":[],"lastPublishTime":"2024-07-18T07:57:05Z"},"dependsOn":["[concat(variables('factoryId'), '/datasets/AzureSqlTable1')]","[concat(variables('factoryId'), '/datasets/DelimitedText2')]"]},{"name":"[concat(parameters('factoryName'), '/AzureSqlTable1')]","type":"Microsoft.DataFactory/factories/datasets","apiVersion":"2018-06-01","properties":{"linkedServiceName":{"referenceName":"[parameters('ls_azure_sql_database001')]","type":"LinkedServiceReference"},"annotations":[],"type":"AzureSqlTable","schema":[{"name":"product_id","type":"int","precision":10},{"name":"product_type","type":"nvarchar"},{"name":"sales_price","type":"int","precision":10},{"name":"salestime","type":"datetime","precision":23,"scale":3}],"typeProperties":{"schema":"dbo","table":"customer_sales"}},"dependsOn":[]},{"name":"[concat(parameters('factoryName'), '/DelimitedText2')]","type":"Microsoft.DataFactory/factories/datasets","apiVersion":"2018-06-01","properties":{"linkedServiceName":{"referenceName":"[parameters('ls_sql_azure_002')]","type":"LinkedServiceReference"},"annotations":[],"type":"DelimitedText","typeProperties":{"location":{"type":"AzureBlobStorageLocation","container":"output"},"columnDelimiter":",","escapeChar":"\\","firstRowAsHeader":true,"quoteChar":"\""},"schema":[]},"dependsOn":[]}]}