{"$schema":"http://schema.management.azure.com/schemas/2015-01-01/deploymentTemplate.json#","contentVersion":"1.0.0.0","parameters":{"factoryName":{"type":"string","metadata":"Data Factory name"},"ls_copy_generic":{"type":"string"}},"variables":{"factoryId":"[concat('Microsoft.DataFactory/factories/', parameters('factoryName'))]"},"resources":[{"name":"[concat(parameters('factoryName'), '/pl_copy_generic')]","type":"Microsoft.DataFactory/factories/pipelines","apiVersion":"2018-06-01","properties":{"activities":[{"name":"Copy data1","type":"Copy","dependsOn":[],"policy":{"timeout":"0.12:00:00","retry":0,"retryIntervalInSeconds":30,"secureOutput":false,"secureInput":false},"userProperties":[],"typeProperties":{"source":{"type":"DelimitedTextSource","storeSettings":{"type":"AzureBlobFSReadSettings","recursive":true,"wildcardFileName":{"value":"@concat(pipeline().parameters.fileNamestartswith,'*.*')","type":"Expression"},"enablePartitionDiscovery":false},"formatSettings":{"type":"DelimitedTextReadSettings"}},"sink":{"type":"DelimitedTextSink","storeSettings":{"type":"AzureBlobFSWriteSettings"},"formatSettings":{"type":"DelimitedTextWriteSettings","quoteAllText":true,"fileExtension":".txt"}},"enableStaging":false,"translator":{"type":"TabularTranslator","typeConversion":true,"typeConversionSettings":{"allowDataTruncation":true,"treatBooleanAsNumber":false}}},"inputs":[{"referenceName":"ds_copy_generic","type":"DatasetReference","parameters":{}}],"outputs":[{"referenceName":"DelimitedText13","type":"DatasetReference","parameters":{"enter_folder_name":{"value":"@pipeline().parameters.enter_folder_name","type":"Expression"}}}]}],"policy":{"elapsedTimeMetric":{}},"parameters":{"enter_folder_name":{"type":"String"},"fileNamestartswith":{"type":"String"}},"annotations":[],"lastPublishTime":"2024-07-23T05:14:23Z"},"dependsOn":["[concat(variables('factoryId'), '/datasets/ds_copy_generic')]","[concat(variables('factoryId'), '/datasets/DelimitedText13')]"]},{"name":"[concat(parameters('factoryName'), '/ds_copy_generic')]","type":"Microsoft.DataFactory/factories/datasets","apiVersion":"2018-06-01","properties":{"linkedServiceName":{"referenceName":"[parameters('ls_copy_generic')]","type":"LinkedServiceReference"},"annotations":[],"type":"DelimitedText","typeProperties":{"location":{"type":"AzureBlobFSLocation","fileSystem":"input"},"columnDelimiter":",","escapeChar":"\\","firstRowAsHeader":true,"quoteChar":"\""},"schema":[{"name":"customer id","type":"String"},{"name":"custname","type":"String"},{"name":"email","type":"String"},{"name":"city","type":"String"},{"name":"state","type":"String"},{"name":"DOB","type":"String"}]},"dependsOn":[]},{"name":"[concat(parameters('factoryName'), '/DelimitedText13')]","type":"Microsoft.DataFactory/factories/datasets","apiVersion":"2018-06-01","properties":{"linkedServiceName":{"referenceName":"[parameters('ls_copy_generic')]","type":"LinkedServiceReference"},"parameters":{"enter_folder_name":{"type":"String"}},"annotations":[],"type":"DelimitedText","typeProperties":{"location":{"type":"AzureBlobFSLocation","folderPath":{"value":"@dataset().enter_folder_name","type":"Expression"},"fileSystem":"output1"},"columnDelimiter":",","escapeChar":"\\","firstRowAsHeader":true,"quoteChar":"\""},"schema":[]},"dependsOn":[]}]}