{"$schema":"http://schema.management.azure.com/schemas/2015-01-01/deploymentTemplate.json#","contentVersion":"1.0.0.0","parameters":{"factoryName":{"type":"string","metadata":"Data Factory name"},"ls_azure_sqldatabse":{"type":"string"},"ls_azure_sql_database001":{"type":"string"}},"variables":{"factoryId":"[concat('Microsoft.DataFactory/factories/', parameters('factoryName'))]"},"resources":[{"name":"[concat(parameters('factoryName'), '/pl_azure_sqldatabse')]","type":"Microsoft.DataFactory/factories/pipelines","apiVersion":"2018-06-01","properties":{"activities":[{"name":"azure_sql","type":"Copy","dependsOn":[],"policy":{"timeout":"0.12:00:00","retry":0,"retryIntervalInSeconds":30,"secureOutput":false,"secureInput":false},"userProperties":[],"typeProperties":{"source":{"type":"DelimitedTextSource","storeSettings":{"type":"AzureBlobStorageReadSettings","recursive":true,"enablePartitionDiscovery":false},"formatSettings":{"type":"DelimitedTextReadSettings"}},"sink":{"type":"AzureSqlSink","writeBehavior":"insert","sqlWriterUseTableLock":false},"enableStaging":false,"translator":{"type":"TabularTranslator","mappings":[{"source":{"name":"emp_id","type":"String","physicalType":"String"},"sink":{"name":"emp_id","type":"Int32","physicalType":"int"}},{"source":{"name":"name","type":"String","physicalType":"String"},"sink":{"name":"Name","type":"String","physicalType":"nvarchar"}},{"source":{"name":"salary","type":"String","physicalType":"String"},"sink":{"name":"salary","type":"Int32","physicalType":"int"}},{"source":{"name":"address","type":"String","physicalType":"String"},"sink":{"name":"address","type":"String","physicalType":"nvarchar"}},{"source":{"name":"loc","type":"String","physicalType":"String"},"sink":{"name":"location","type":"String","physicalType":"nvarchar"}},{"source":{"name":"email","type":"String","physicalType":"String"},"sink":{"name":"email","type":"String","physicalType":"nvarchar"}}],"typeConversion":true,"typeConversionSettings":{"allowDataTruncation":true,"treatBooleanAsNumber":false}}},"inputs":[{"referenceName":"DelimitedText1","type":"DatasetReference","parameters":{}}],"outputs":[{"referenceName":"sls_azure_sql001","type":"DatasetReference","parameters":{}}]}],"policy":{"elapsedTimeMetric":{}},"annotations":[],"lastPublishTime":"2024-07-18T06:40:02Z"},"dependsOn":["[concat(variables('factoryId'), '/datasets/DelimitedText1')]","[concat(variables('factoryId'), '/datasets/sls_azure_sql001')]"]},{"name":"[concat(parameters('factoryName'), '/DelimitedText1')]","type":"Microsoft.DataFactory/factories/datasets","apiVersion":"2018-06-01","properties":{"linkedServiceName":{"referenceName":"[parameters('ls_azure_sqldatabse')]","type":"LinkedServiceReference"},"annotations":[],"type":"DelimitedText","typeProperties":{"location":{"type":"AzureBlobStorageLocation","fileName":"emp_1.csv","container":"learbypractice"},"columnDelimiter":",","escapeChar":"\\","firstRowAsHeader":true,"quoteChar":"\""},"schema":[{"name":"emp_id","type":"String"},{"name":"name","type":"String"},{"name":"salary","type":"String"},{"name":"address","type":"String"},{"name":"loc","type":"String"},{"name":"email","type":"String"}]},"dependsOn":[]},{"name":"[concat(parameters('factoryName'), '/sls_azure_sql001')]","type":"Microsoft.DataFactory/factories/datasets","apiVersion":"2018-06-01","properties":{"linkedServiceName":{"referenceName":"[parameters('ls_azure_sql_database001')]","type":"LinkedServiceReference"},"annotations":[],"type":"AzureSqlTable","schema":[{"name":"emp_id","type":"int","precision":10},{"name":"Name","type":"nvarchar"},{"name":"salary","type":"int","precision":10},{"name":"address","type":"nvarchar"},{"name":"location","type":"nvarchar"},{"name":"email","type":"nvarchar"}],"typeProperties":{"schema":"dbo","table":"employee"}},"dependsOn":[]}]}